{"train_loss": 1.6976110319296518, "_timestamp": 1704450827.4068289, "_runtime": 43.83267688751221, "_step": 9, "_wandb": {"runtime": 55}}
