{"train_loss": 1.4858837775389353, "_timestamp": 1704450949.1382449, "_runtime": 45.22728776931763, "_step": 9, "_wandb": {"runtime": 49}}
