{"train_loss": 1.5722541181246439, "_timestamp": 1704450188.3256261, "_runtime": 46.71850824356079, "_step": 9, "_wandb": {"runtime": 49}}