{"train_loss": 1.5722541181246439, "_timestamp": 1704450679.3576493, "_runtime": 42.9737594127655, "_step": 9, "_wandb": {"runtime": 48}}