{"train_loss": 1.587948236465454, "_timestamp": 1704449697.8759415, "_runtime": 23.15228247642517, "_step": 4, "_wandb": {"runtime": 27}}
