{"train_loss": 1.5722541181246439, "_timestamp": 1704450263.9677377, "_runtime": 44.69326877593994, "_step": 9, "_wandb": {"runtime": 47}}
